date,trigger,shock,vid,nr_lat,liu_lat,nr_dist,liu_dist,rsi,moved,changed,evals,runtime_ms,otd_num,otd_den,harm
INSTANCE_008,0.25,p85,V1,0.0,0.0,155.61949999999996,155.61949999999996,1.0,0,False,401,1530.951976776123,18,18,False
INSTANCE_008,0.25,p85,V2,27.250831833333223,0.0,161.27500000000003,175.27719999999997,0.6168831168831169,18,True,401,7780.363082885742,29,29,False
INSTANCE_008,0.25,p95,V1,0.0,0.0,155.61949999999996,155.61949999999996,1.0,0,False,401,1736.4728450775146,18,18,False
INSTANCE_008,0.25,p95,V2,69.7804691666671,0.0,161.27500000000003,185.439,0.5952380952380952,17,True,401,8304.893732070923,29,29,False
INSTANCE_008,0.25,delay20,V1,0.0,0.0,155.61949999999996,155.61949999999996,1.0,0,False,401,1397.7408409118652,18,18,False
INSTANCE_008,0.25,delay20,V2,19.064999999999827,0.0,161.27500000000003,174.896,0.6103896103896104,18,True,401,8958.812236785889,29,29,False
INSTANCE_008,0.25,delay30,V1,0.0,0.0,155.61949999999996,155.61949999999996,1.0,0,False,401,1531.4805507659912,18,18,False
INSTANCE_008,0.25,delay30,V2,39.06499999999983,1.1550000000000864,161.27500000000003,175.9774,0.5151515151515151,18,True,401,8446.731328964233,28,29,False
INSTANCE_008,0.5,p85,V1,0.0,0.0,155.61949999999996,155.61949999999996,1.0,0,False,401,578.942060470581,18,18,False
INSTANCE_008,0.5,p85,V2,18.161861833332978,0.0,161.27500000000003,177.00539999999998,0.4666666666666666,14,True,401,3074.2905139923096,29,29,False
INSTANCE_008,0.5,p95,V1,0.0,0.0,155.61949999999996,155.61949999999996,1.0,0,False,401,627.8154850006104,18,18,False
INSTANCE_008,0.5,p95,V2,52.669419166667126,0.0,161.27500000000003,187.9768,0.4857142857142857,13,True,401,3217.5498008728027,29,29,False
INSTANCE_008,0.5,delay20,V1,0.0,0.0,155.61949999999996,155.61949999999996,1.0,0,False,401,530.5092334747314,18,18,False
INSTANCE_008,0.5,delay20,V2,19.064999999999827,0.0,161.27500000000003,177.00539999999998,0.4666666666666666,14,True,401,2986.272096633911,29,29,False
INSTANCE_008,0.5,delay30,V1,0.0,0.0,155.61949999999996,155.61949999999996,1.0,0,False,401,595.9591865539551,18,18,False
INSTANCE_008,0.5,delay30,V2,39.06499999999983,0.0,161.27500000000003,187.9768,0.4857142857142857,13,True,401,3168.917417526245,29,29,False
INSTANCE_008,0.75,p85,V1,0.0,0.0,155.61949999999996,155.61949999999996,1.0,0,False,401,139.30702209472656,18,18,False
INSTANCE_008,0.75,p85,V2,8.096759999999904,0.0,161.27500000000003,187.07950000000005,0.75,2,True,401,399.3520736694336,29,29,False
INSTANCE_008,0.75,p95,V1,0.0,0.0,155.61949999999996,155.61949999999996,1.0,0,False,401,144.8061466217041,18,18,False
INSTANCE_008,0.75,p95,V2,17.233400000000074,5.195524166666701,161.27500000000003,187.40750000000003,0.8214285714285714,3,True,401,411.0424518585205,28,29,False
INSTANCE_008,0.75,delay20,V1,0.0,0.0,155.61949999999996,155.61949999999996,1.0,0,False,401,137.00222969055176,18,18,False
INSTANCE_008,0.75,delay20,V2,19.064999999999827,6.623333333333335,161.27500000000003,187.40750000000003,0.8214285714285714,3,True,401,420.1197624206543,28,29,False
INSTANCE_008,0.75,delay30,V1,0.0,0.0,155.61949999999996,155.61949999999996,1.0,0,False,401,137.8931999206543,18,18,False
INSTANCE_008,0.75,delay30,V2,39.06499999999983,16.821666666666715,161.27500000000003,187.40750000000003,0.8214285714285714,3,True,401,426.5146255493164,27,29,False
INSTANCE_020,0.25,p85,V1,10.32735666666656,0.0,153.0333,164.8834,0.5192307692307692,12,True,401,1611.4771366119385,17,17,False
INSTANCE_020,0.25,p85,V2,9.370631333333222,0.0,169.02689999999996,181.5824,0.8105263157894737,17,True,401,5534.631013870239,26,26,False
INSTANCE_020,0.25,p85,V3,11.226973000000498,0.0,153.86210000000003,132.4331,0.6416666666666666,6,True,401,2903.537034988404,21,21,False
INSTANCE_020,0.25,p95,V1,23.83999500000016,0.0,153.0333,168.7551,0.5032051282051282,12,True,401,1598.818063735962,17,17,False
INSTANCE_020,0.25,p95,V2,36.614412500000185,0.0,169.02689999999996,181.5824,0.7842105263157895,17,True,401,5694.819688796997,26,26,False
INSTANCE_020,0.25,p95,V3,35.55511166666713,0.0,153.86210000000003,133.7364,0.5333333333333333,9,True,401,2878.570556640625,21,21,False
INSTANCE_020,0.25,delay20,V1,23.30666666666707,0.0,153.0333,168.7551,0.5032051282051282,12,True,401,1633.7213516235352,17,17,False
INSTANCE_020,0.25,delay20,V2,36.719999999999686,5.608333333333235,169.02689999999996,196.5481,0.7289473684210526,19,True,401,5582.3073387146,25,26,False
INSTANCE_020,0.25,delay20,V3,43.663333333333526,0.0,153.86210000000003,136.13070000000002,0.525,15,True,401,2860.4278564453125,21,21,False
INSTANCE_020,0.25,delay30,V1,43.30666666666707,0.0,153.0333,168.75509999999997,0.3782051282051282,12,True,401,1515.8238410949707,17,17,False
INSTANCE_020,0.25,delay30,V2,66.71999999999969,15.608333333333237,169.02689999999996,196.54809999999995,0.7026315789473684,19,True,401,5748.613119125366,25,26,False
INSTANCE_020,0.25,delay30,V3,73.66333333333353,0.0,153.86210000000003,136.13070000000002,0.525,15,True,401,2496.422529220581,21,21,False
INSTANCE_020,0.5,p85,V1,9.502645666666696,0.0,153.0333,152.7286,0.6666666666666667,5,True,401,648.0751037597656,17,17,False
INSTANCE_020,0.5,p85,V2,0.0,0.0,169.02689999999996,169.02689999999996,1.0,0,False,401,1708.8050842285156,26,26,False
INSTANCE_020,0.5,p85,V3,5.784356833333391,0.0,153.86210000000003,145.93859999999998,0.5954545454545455,9,True,401,899.1520404815674,21,21,False
INSTANCE_020,0.5,p95,V1,20.734765000000262,0.0,153.0333,155.53859999999997,0.5555555555555556,5,True,401,654.3498039245605,17,17,False
INSTANCE_020,0.5,p95,V2,0.0,0.0,169.02689999999996,169.02689999999996,1.0,0,False,401,1758.2430839538574,26,26,False
INSTANCE_020,0.5,p95,V3,14.968568333333453,0.2790291666667599,153.86210000000003,147.26659999999998,0.6045454545454545,8,True,401,898.5509872436523,20,21,False
INSTANCE_020,0.5,delay20,V1,23.30666666666707,0.0600000000001728,153.0333,155.53859999999997,0.5555555555555556,5,True,401,715.3403759002686,16,17,False
INSTANCE_020,0.5,delay20,V2,15.824999999999932,15.824999999999932,169.02689999999996,169.02689999999996,1.0,0,False,401,1597.884178161621,25,26,False
INSTANCE_020,0.5,delay20,V3,25.87000000000012,0.0,153.86210000000003,147.2668,0.5363636363636364,9,True,401,969.9532985687256,21,21,False
INSTANCE_020,0.5,delay30,V1,43.30666666666707,1.888333333333435,153.0333,172.4818,0.3611111111111111,7,True,401,720.3669548034668,16,17,False
INSTANCE_020,0.5,delay30,V2,25.82499999999993,25.82499999999993,169.02689999999996,169.02689999999996,1.0,0,False,401,1527.1556377410889,25,26,False
INSTANCE_020,0.5,delay30,V3,45.87000000000012,4.063333333333389,153.86210000000003,147.51909999999998,0.4863636363636364,9,True,401,809.8247051239014,20,21,False
INSTANCE_020,0.75,p85,V1,3.1424453333335123,0.0,153.0333,155.31019999999998,0.525,2,True,401,152.421236038208,17,17,False
INSTANCE_020,0.75,p85,V2,0.0,0.0,169.02689999999996,169.02689999999996,1.0,0,False,401,386.44981384277344,26,26,False
INSTANCE_020,0.75,p85,V3,0.0,0.0,153.86210000000003,145.93859999999998,0.5,5,True,401,278.6843776702881,21,21,False
INSTANCE_020,0.75,p95,V1,6.767746666666881,0.0,153.0333,155.31019999999998,0.525,2,True,401,152.33278274536133,17,17,False
INSTANCE_020,0.75,p95,V2,0.0,0.0,169.02689999999996,169.02689999999996,1.0,0,False,401,318.61042976379395,26,26,False
INSTANCE_020,0.75,p95,V3,0.0,0.0,153.86210000000003,145.93859999999998,0.5,5,True,401,285.95614433288574,21,21,False
INSTANCE_020,0.75,delay20,V1,23.30666666666707,9.561666666666838,153.0333,155.31019999999998,0.525,2,True,401,165.40813446044922,16,17,False
INSTANCE_020,0.75,delay20,V2,0.0,0.0,169.02689999999996,169.02689999999996,1.0,0,False,401,296.5068817138672,26,26,False
INSTANCE_020,0.75,delay20,V3,0.0,0.0,153.86210000000003,145.93859999999998,0.5,5,True,401,267.87686347961426,21,21,False
INSTANCE_020,0.75,delay30,V1,43.30666666666707,19.56166666666684,153.0333,155.31019999999998,0.525,2,True,401,155.79605102539062,16,17,False
INSTANCE_020,0.75,delay30,V2,0.0,0.0,169.02689999999996,169.02689999999996,1.0,0,False,401,297.03402519226074,26,26,False
INSTANCE_020,0.75,delay30,V3,0.0,0.0,153.86210000000003,145.93859999999998,0.5,5,True,401,283.7803363800049,21,21,False
INSTANCE_024,0.25,p85,V1,9.578958333333162,0.0,185.1761,186.12350000000004,0.9404761904761904,5,True,401,6251.648664474487,27,27,False
INSTANCE_024,0.25,p85,V2,3.275801499999716,0.0,163.9959,166.10070000000002,0.7607142857142857,8,True,401,7127.233982086182,27,27,False
INSTANCE_024,0.25,p85,V3,0.0,0.0,169.69729999999996,161.936,0.8607142857142858,4,True,401,6486.621618270874,27,27,False
INSTANCE_024,0.25,p95,V1,27.065625000000068,0.0,185.1761,186.12350000000004,0.9404761904761904,5,True,401,6848.534107208252,27,27,False
INSTANCE_024,0.25,p95,V2,33.638313333333144,14.01746999999989,163.9959,166.10070000000002,0.7357142857142858,7,True,401,7306.878805160522,26,27,False
INSTANCE_024,0.25,p95,V3,14.24260416666732,0.0,169.69729999999996,194.7562,0.5797619047619047,16,True,401,7781.807422637939,27,27,False
INSTANCE_024,0.25,delay20,V1,9.766666666666538,0.0,185.1761,186.12350000000004,0.9404761904761904,5,True,401,6440.031051635742,27,27,False
INSTANCE_024,0.25,delay20,V2,3.333333333333144,0.0,163.9959,166.10070000000002,0.8404761904761904,5,True,401,7614.178657531738,27,27,False
INSTANCE_024,0.25,delay20,V3,0.0,0.0,169.69729999999996,161.936,0.8607142857142858,4,True,401,6894.449234008789,27,27,False
INSTANCE_024,0.25,delay30,V1,19.766666666666534,0.0,185.1761,186.12350000000004,0.9404761904761904,5,True,401,6400.3331661224365,27,27,False
INSTANCE_024,0.25,delay30,V2,18.576666666666256,7.7349999999999,163.9959,166.10070000000002,0.9452380952380952,3,True,401,8070.962429046631,26,27,False
INSTANCE_024,0.25,delay30,V3,0.0,0.0,169.69729999999996,161.936,0.8607142857142858,4,True,401,7991.177320480347,27,27,False
INSTANCE_024,0.5,p85,V1,1.8813958333331584,0.0,185.1761,186.12350000000004,0.9010989010989012,5,True,401,1615.0498390197754,27,27,False
INSTANCE_024,0.5,p85,V2,0.0,0.0,163.9959,163.9959,1.0,0,False,401,1870.910882949829,27,27,False
INSTANCE_024,0.5,p85,V3,0.0,0.0,169.69729999999996,169.69729999999996,1.0,0,False,401,1999.1049766540527,27,27,False
INSTANCE_024,0.5,p95,V1,12.574062499999968,0.0,185.1761,186.12350000000004,0.9010989010989012,5,True,401,1815.922498703003,27,27,False
INSTANCE_024,0.5,p95,V2,14.931601666666438,4.66411416666665,163.9959,166.10070000000002,0.7472527472527473,5,True,401,2194.248676300049,26,27,False
INSTANCE_024,0.5,p95,V3,0.0,0.0,169.69729999999996,169.69729999999996,1.0,0,False,401,2160.8726978302,27,27,False
INSTANCE_024,0.5,delay20,V1,9.766666666666538,0.0,185.1761,186.12350000000004,0.9010989010989012,5,True,401,1787.14919090271,27,27,False
INSTANCE_024,0.5,delay20,V2,3.333333333333144,0.0,163.9959,166.10070000000002,0.912087912087912,3,True,401,2079.17857170105,27,27,False
INSTANCE_024,0.5,delay20,V3,0.0,0.0,169.69729999999996,161.936,0.7747252747252747,4,True,401,1863.602876663208,27,27,False
INSTANCE_024,0.5,delay30,V1,19.766666666666534,0.0,185.1761,186.12350000000004,0.9010989010989012,5,True,401,1776.7229080200195,27,27,False
INSTANCE_024,0.5,delay30,V2,18.576666666666256,7.735000000000014,163.9959,166.10070000000002,0.7857142857142858,6,True,401,1901.796817779541,26,27,False
INSTANCE_024,0.5,delay30,V3,0.0,0.0,169.69729999999996,169.69729999999996,1.0,0,False,401,2092.5302505493164,27,27,False
INSTANCE_024,0.75,p85,V1,0.0,0.0,185.1761,185.1761,1.0,0,False,401,307.79433250427246,27,27,False
INSTANCE_024,0.75,p85,V2,0.0,0.0,163.9959,163.9959,1.0,0,False,401,345.3652858734131,27,27,False
INSTANCE_024,0.75,p85,V3,0.0,0.0,169.69729999999996,169.69729999999996,1.0,0,False,401,299.18885231018066,27,27,False
INSTANCE_024,0.75,p95,V1,8.711113333333287,0.0,185.1761,186.1436,0.4642857142857142,5,True,401,338.72294425964355,27,27,False
INSTANCE_024,0.75,p95,V2,0.0,0.0,163.9959,163.9959,1.0,0,False,401,371.8740940093994,27,27,False
INSTANCE_024,0.75,p95,V3,0.0,0.0,169.69729999999996,169.69729999999996,1.0,0,False,401,307.8761100769043,27,27,False
INSTANCE_024,0.75,delay20,V1,9.766666666666538,0.0,185.1761,186.12350000000004,0.7380952380952381,5,True,401,337.8839492797852,27,27,False
INSTANCE_024,0.75,delay20,V2,3.333333333333144,0.0,163.9959,166.10070000000002,0.7857142857142857,3,True,401,342.2169685363769,27,27,False
INSTANCE_024,0.75,delay20,V3,0.0,0.0,169.69729999999996,169.69729999999996,1.0,0,False,401,293.776273727417,27,27,False
INSTANCE_024,0.75,delay30,V1,19.766666666666534,0.0,185.1761,186.12350000000004,0.7380952380952381,5,True,401,319.0479278564453,27,27,False
INSTANCE_024,0.75,delay30,V2,18.576666666666256,7.7349999999999,163.9959,166.10070000000002,0.7857142857142857,3,True,401,348.37985038757324,26,27,False
INSTANCE_024,0.75,delay30,V3,0.0,0.0,169.69729999999996,169.69729999999996,1.0,0,False,401,280.64656257629395,27,27,False
INSTANCE_030,0.25,p85,V1,0.0,0.0,87.58700000000002,87.58700000000002,1.0,0,False,401,1989.3772602081297,19,19,False
INSTANCE_030,0.25,p85,V2,0.0,0.0,91.0733,91.0733,1.0,0,False,401,757.0009231567383,14,14,False
INSTANCE_030,0.25,p95,V1,0.0,0.0,87.58700000000002,87.58700000000002,1.0,0,False,401,1686.1398220062256,19,19,False
INSTANCE_030,0.25,p95,V2,0.0,0.0,91.0733,91.0733,1.0,0,False,401,788.5289192199707,14,14,False
INSTANCE_030,0.25,delay20,V1,0.0,0.0,87.58700000000002,87.58700000000002,1.0,0,False,401,2031.9197177886963,19,19,False
INSTANCE_030,0.25,delay20,V2,0.0,0.0,91.0733,91.0733,1.0,0,False,401,748.6729621887207,14,14,False
INSTANCE_030,0.25,delay30,V1,0.724999999999909,0.0,87.58700000000002,88.8142,0.6928571428571428,13,True,401,1769.2770957946775,19,19,False
INSTANCE_030,0.25,delay30,V2,0.0,0.0,91.0733,91.0733,1.0,0,False,401,715.8489227294922,14,14,False
INSTANCE_030,0.5,p85,V1,0.0,0.0,87.58700000000002,87.58700000000002,1.0,0,False,401,630.6118965148926,19,19,False
INSTANCE_030,0.5,p85,V2,0.0,0.0,91.0733,91.0733,1.0,0,False,401,298.3973026275635,14,14,False
INSTANCE_030,0.5,p95,V1,0.0,0.0,87.58700000000002,87.58700000000002,1.0,0,False,401,592.4644470214844,19,19,False
INSTANCE_030,0.5,p95,V2,0.0,0.0,91.0733,91.0733,1.0,0,False,401,326.322078704834,14,14,False
INSTANCE_030,0.5,delay20,V1,0.0,0.0,87.58700000000002,87.58700000000002,1.0,0,False,401,680.732011795044,19,19,False
INSTANCE_030,0.5,delay20,V2,0.0,0.0,91.0733,91.0733,1.0,0,False,401,290.5280590057373,14,14,False
INSTANCE_030,0.5,delay30,V1,0.724999999999909,0.0,87.58700000000002,88.29220000000002,0.7555555555555555,2,True,401,619.657039642334,19,19,False
INSTANCE_030,0.5,delay30,V2,0.0,0.0,91.0733,91.0733,1.0,0,False,401,303.61080169677734,14,14,False
INSTANCE_030,0.75,p85,V1,0.0,0.0,87.58700000000002,87.58700000000002,1.0,0,False,401,150.84457397460938,19,19,False
INSTANCE_030,0.75,p85,V2,0.0,0.0,91.0733,91.0733,1.0,0,False,401,120.51105499267578,14,14,False
INSTANCE_030,0.75,p95,V1,0.0,0.0,87.58700000000002,87.58700000000002,1.0,0,False,401,147.50361442565918,19,19,False
INSTANCE_030,0.75,p95,V2,0.0,0.0,91.0733,91.0733,1.0,0,False,401,120.99146842956544,14,14,False
INSTANCE_030,0.75,delay20,V1,0.0,0.0,87.58700000000002,87.58700000000002,1.0,0,False,401,140.57135581970215,19,19,False
INSTANCE_030,0.75,delay20,V2,0.0,0.0,91.0733,91.0733,1.0,0,False,401,121.8869686126709,14,14,False
INSTANCE_030,0.75,delay30,V1,0.724999999999909,0.0,87.58700000000002,89.27830000000003,0.7,2,True,401,142.89283752441406,19,19,False
INSTANCE_030,0.75,delay30,V2,0.0,0.0,91.0733,91.0733,1.0,0,False,401,121.52385711669922,14,14,False
INSTANCE_037,0.25,p85,V1,0.0,0.0,128.09640000000002,128.09640000000002,1.0,0,False,401,6864.621162414551,27,27,False
INSTANCE_037,0.25,p85,V2,0.0,0.0,113.72190000000003,113.72190000000003,1.0,0,False,401,5257.7948570251465,25,25,False
INSTANCE_037,0.25,p95,V1,0.0,0.0,128.09640000000002,128.09640000000002,1.0,0,False,401,7445.295333862305,27,27,False
INSTANCE_037,0.25,p95,V2,0.0,0.0,113.72190000000003,113.8382,0.8494152046783625,4,True,401,4662.152528762817,25,25,False
INSTANCE_037,0.25,delay20,V1,8.47166666666692,0.0,128.09640000000002,142.53200000000004,0.7511904761904762,11,True,401,7119.807243347168,27,27,False
INSTANCE_037,0.25,delay20,V2,15.350000000000025,0.0,113.72190000000003,118.90550000000002,0.9385964912280702,3,True,401,4857.68723487854,25,25,False
INSTANCE_037,0.25,delay30,V1,23.546666666667196,0.0,128.09640000000002,152.68760000000003,0.5642857142857143,17,True,401,7536.251068115234,27,27,False
INSTANCE_037,0.25,delay30,V2,25.350000000000023,8.136666666666656,113.72190000000003,118.90550000000002,0.9385964912280702,3,True,401,4615.338087081909,24,25,False
INSTANCE_037,0.5,p85,V1,0.0,0.0,128.09640000000002,128.09640000000002,1.0,0,False,401,1888.794183731079,27,27,False
INSTANCE_037,0.5,p85,V2,0.0,0.0,113.72190000000003,113.72190000000003,1.0,0,False,401,1695.4405307769775,25,25,False
INSTANCE_037,0.5,p95,V1,0.0,0.0,128.09640000000002,128.09640000000002,1.0,0,False,401,2056.142568588257,27,27,False
INSTANCE_037,0.5,p95,V2,0.0,0.0,113.72190000000003,113.8382,0.766025641025641,4,True,401,1786.5214347839355,25,25,False
INSTANCE_037,0.5,delay20,V1,8.47166666666692,0.4716666666669198,128.09640000000002,141.2154,0.7747252747252747,8,True,401,1899.214506149292,26,27,False
INSTANCE_037,0.5,delay20,V2,0.0,0.0,113.72190000000003,113.72190000000003,1.0,0,False,401,1553.032398223877,25,25,False
INSTANCE_037,0.5,delay30,V1,23.546666666667196,10.47166666666692,128.09640000000002,152.245,0.521978021978022,13,True,401,1936.9027614593504,26,27,False
INSTANCE_037,0.5,delay30,V2,0.0,0.0,113.72190000000003,113.72190000000003,1.0,0,False,401,1772.6221084594729,25,25,False
INSTANCE_037,0.75,p85,V1,0.0,0.0,128.09640000000002,128.09640000000002,1.0,0,False,401,307.9485893249512,27,27,False
INSTANCE_037,0.75,p85,V2,0.0,0.0,113.72190000000003,113.72190000000003,1.0,0,False,401,308.5212707519531,25,25,False
INSTANCE_037,0.75,p95,V1,0.0,0.0,128.09640000000002,128.09640000000002,1.0,0,False,401,331.85505867004395,27,27,False
INSTANCE_037,0.75,p95,V2,0.0,0.0,113.72190000000003,113.8382,0.4880952380952381,4,True,401,322.864294052124,25,25,False
INSTANCE_037,0.75,delay20,V1,0.0,0.0,128.09640000000002,128.09640000000002,1.0,0,False,401,341.7174816131592,27,27,False
INSTANCE_037,0.75,delay20,V2,0.0,0.0,113.72190000000003,113.72190000000003,1.0,0,False,401,324.51581954956055,25,25,False
INSTANCE_037,0.75,delay30,V1,0.0,0.0,128.09640000000002,128.09640000000002,1.0,0,False,401,291.5499210357666,27,27,False
INSTANCE_037,0.75,delay30,V2,0.0,0.0,113.72190000000003,113.72190000000003,1.0,0,False,401,310.7485771179199,25,25,False
INSTANCE_038,0.25,p85,V1,36.80995216666656,23.776041333333296,227.0637,225.29990000000004,0.869281045751634,14,True,401,5087.775230407715,22,23,False
INSTANCE_038,0.25,p85,V2,68.02577850000046,50.619850999999926,140.1117,141.15869999999998,0.6581196581196581,26,True,401,15339.879512786863,32,35,False
INSTANCE_038,0.25,p95,V1,95.49753666666676,95.18431333333284,227.0637,225.29990000000004,0.869281045751634,14,True,401,5187.68310546875,19,23,False
INSTANCE_038,0.25,p95,V2,143.99104333333207,102.91519999999925,140.1117,141.15859999999998,0.6965811965811965,26,True,401,16843.461990356445,31,35,False
INSTANCE_038,0.25,delay20,V1,37.00166666666689,21.225000000000136,227.0637,225.29990000000004,0.7810457516339869,13,True,401,4741.999626159668,21,23,False
INSTANCE_038,0.25,delay20,V2,69.96666666666704,53.99333333333425,140.1117,141.15859999999998,0.6965811965811965,26,True,401,16650.7830619812,32,35,False
INSTANCE_038,0.25,delay30,V1,57.00166666666689,44.86166666666679,227.0637,225.29990000000004,0.869281045751634,14,True,401,4627.8252601623535,20,23,False
INSTANCE_038,0.25,delay30,V2,112.61000000000048,76.39000000000067,140.1117,138.61069999999998,0.4024216524216524,26,True,401,14546.589374542236,31,35,False
INSTANCE_038,0.5,p85,V1,21.635685500000136,21.635685500000136,227.0637,227.0637,1.0,0,False,401,1821.3887214660645,21,23,False
INSTANCE_038,0.5,p85,V2,53.71493800000076,52.74398200000098,140.1117,141.24429999999998,0.7941176470588236,6,True,401,4662.436008453369,32,35,False
INSTANCE_038,0.5,p95,V1,52.646536666666975,52.646536666666975,227.0637,227.0637,1.0,0,False,401,1888.2458209991453,20,23,False
INSTANCE_038,0.5,p95,V2,100.28744666666648,92.89031583333326,140.1117,157.3983,0.3823529411764705,16,True,401,5591.268539428711,33,35,False
INSTANCE_038,0.5,delay20,V1,37.00166666666689,37.00166666666689,227.0637,227.0637,1.0,0,False,401,1853.524923324585,21,23,False
INSTANCE_038,0.5,delay20,V2,69.96666666666704,69.96666666666704,140.1117,140.1117,1.0,0,False,401,4533.955335617065,31,35,False
INSTANCE_038,0.5,delay30,V1,57.00166666666689,57.00166666666689,227.0637,227.0637,1.0,0,False,401,1843.958139419556,21,23,False
INSTANCE_038,0.5,delay30,V2,112.61000000000048,93.143333333334,140.1117,157.3983,0.3529411764705882,16,True,401,4790.799617767334,32,35,False
INSTANCE_038,0.75,p85,V1,11.357182333333412,11.357182333333412,227.0637,227.0637,1.0,0,False,401,327.0430564880371,22,23,False
INSTANCE_038,0.75,p85,V2,28.57528950000028,28.57528950000028,140.1117,140.1117,1.0,0,False,401,727.2217273712158,33,35,False
INSTANCE_038,0.75,p95,V1,22.334451666666723,22.334451666666723,227.0637,227.0637,1.0,0,False,401,318.8652992248535,22,23,False
INSTANCE_038,0.75,p95,V2,36.22195083333338,36.22195083333338,140.1117,140.1117,1.0,0,False,401,765.0103569030762,33,35,False
INSTANCE_038,0.75,delay20,V1,18.920000000000076,18.920000000000076,227.0637,227.0637,1.0,0,False,401,318.61066818237305,22,23,False
INSTANCE_038,0.75,delay20,V2,69.96666666666704,69.96666666666704,140.1117,140.1117,1.0,0,False,401,758.476734161377,31,35,False
INSTANCE_038,0.75,delay30,V1,28.920000000000076,28.920000000000076,227.0637,227.0637,1.0,0,False,401,317.44861602783203,22,23,False
INSTANCE_038,0.75,delay30,V2,112.61000000000048,112.61000000000048,140.1117,140.1117,1.0,0,False,401,781.7964553833008,30,35,False
INSTANCE_045,0.25,p85,V1,0.4833545000000185,0.0,97.7024,93.546,0.7320261437908497,9,True,401,3626.054286956787,24,24,False
INSTANCE_045,0.25,p85,V2,2.020369000000187,2.020369000000187,149.73509999999996,149.73509999999996,1.0,0,False,401,7352.950811386108,26,27,False
INSTANCE_045,0.25,p85,V3,1.2800688333334165,1.2800688333334165,139.0388,139.0388,1.0,0,False,401,3202.183723449707,23,24,False
INSTANCE_045,0.25,p95,V1,7.948842499999955,0.0,97.7024,93.7901,0.5816993464052288,13,True,401,4079.1640281677246,24,24,False
INSTANCE_045,0.25,p95,V2,20.262918333333342,11.874868333333325,149.73509999999996,190.0834,0.9428571428571428,4,True,401,7365.459442138672,26,27,False
INSTANCE_045,0.25,p95,V3,8.276340833333279,0.0,139.0388,157.24059999999997,0.6470588235294117,17,True,401,3528.1336307525635,24,24,False
INSTANCE_045,0.25,delay20,V1,12.025000000000093,0.0,97.7024,93.8239,0.6437908496732025,13,True,401,3443.1161880493164,24,24,False
INSTANCE_045,0.25,delay20,V2,6.955000000000155,6.955000000000155,149.73509999999996,149.73509999999996,1.0,0,False,401,6482.47504234314,25,27,False
INSTANCE_045,0.25,delay20,V3,13.62166666666667,0.0,139.0388,160.69289999999995,0.6176470588235294,16,True,401,3796.358346939087,24,24,False
INSTANCE_045,0.25,delay30,V1,22.02500000000009,0.0,97.7024,96.0186,0.6535947712418301,17,True,401,3547.1973419189453,24,24,False
INSTANCE_045,0.25,delay30,V2,26.955000000000155,18.650000000000205,149.73509999999996,190.8371,0.7642857142857142,11,True,401,6432.785272598267,25,27,False
INSTANCE_045,0.25,delay30,V3,33.62166666666667,0.0,139.0388,160.51269999999994,0.6568627450980392,11,True,401,3178.400039672852,24,24,False
INSTANCE_045,0.5,p85,V1,0.0,0.0,97.7024,97.6685,0.4848484848484848,8,True,401,1279.8621654510498,24,24,False
INSTANCE_045,0.5,p85,V2,0.0,0.0,149.73509999999996,149.73509999999996,1.0,0,False,401,1871.1652755737305,27,27,False
INSTANCE_045,0.5,p85,V3,0.0,0.0,139.0388,138.6139,0.6363636363636364,9,True,401,1035.5184078216553,24,24,False
INSTANCE_045,0.5,p95,V1,0.0693458333335002,0.0,97.7024,97.6685,0.4848484848484848,8,True,401,1132.1260929107666,24,24,False
INSTANCE_045,0.5,p95,V2,14.878660833333356,6.490610833333335,149.73509999999996,190.0834,0.9065934065934066,4,True,401,2036.257028579712,26,27,False
INSTANCE_045,0.5,p95,V3,0.0,0.0,139.0388,138.6139,0.6363636363636364,9,True,401,1091.6624069213867,24,24,False
INSTANCE_045,0.5,delay20,V1,12.025000000000093,0.0,97.7024,100.45080000000002,0.5984848484848485,10,True,401,1285.008192062378,24,24,False
INSTANCE_045,0.5,delay20,V2,1.3516666666668016,1.3516666666668016,149.73509999999996,149.73509999999996,1.0,0,False,401,1949.1117000579836,26,27,False
INSTANCE_045,0.5,delay20,V3,0.0,0.0,139.0388,138.6139,0.6363636363636364,9,True,401,1074.9201774597168,24,24,False
INSTANCE_045,0.5,delay30,V1,22.02500000000009,0.0,97.7024,102.28369999999998,0.4015151515151515,9,True,401,1272.8509902954102,24,24,False
INSTANCE_045,0.5,delay30,V2,11.351666666666802,3.051666666666847,149.73509999999996,190.0834,0.9065934065934066,4,True,401,1907.5603485107424,26,27,False
INSTANCE_045,0.5,delay30,V3,0.0,0.0,139.0388,139.0388,1.0,0,False,401,1005.9986114501952,24,24,False
INSTANCE_045,0.75,p85,V1,0.0,0.0,97.7024,97.6685,0.6333333333333333,2,True,401,292.9389476776123,24,24,False
INSTANCE_045,0.75,p85,V2,0.0,0.0,149.73509999999996,149.73509999999996,1.0,0,False,401,358.97016525268555,27,27,False
INSTANCE_045,0.75,p85,V3,0.0,0.0,139.0388,139.03879999999998,0.5333333333333333,2,True,401,297.4684238433838,24,24,False
INSTANCE_045,0.75,p95,V1,0.0,0.0,97.7024,97.6685,0.6333333333333333,2,True,401,275.043249130249,24,24,False
INSTANCE_045,0.75,p95,V2,0.0,0.0,149.73509999999996,149.73509999999996,1.0,0,False,401,361.1559867858887,27,27,False
INSTANCE_045,0.75,p95,V3,0.0,0.0,139.0388,139.03879999999998,0.5333333333333333,2,True,401,282.7484607696533,24,24,False
INSTANCE_045,0.75,delay20,V1,0.0,0.0,97.7024,97.6685,0.6333333333333333,2,True,401,264.2202377319336,24,24,False
INSTANCE_045,0.75,delay20,V2,1.3516666666668016,1.3516666666668016,149.73509999999996,149.73509999999996,1.0,0,False,401,307.9111576080322,26,27,False
INSTANCE_045,0.75,delay20,V3,0.0,0.0,139.0388,139.03879999999998,0.5333333333333333,2,True,401,262.714147567749,24,24,False
INSTANCE_045,0.75,delay30,V1,0.0,0.0,97.7024,97.6685,0.6333333333333333,2,True,401,262.1004581451416,24,24,False
INSTANCE_045,0.75,delay30,V2,11.351666666666802,2.9233333333335167,149.73509999999996,173.04070000000002,0.4523809523809523,6,True,401,311.10167503356934,26,27,False
INSTANCE_045,0.75,delay30,V3,0.0,0.0,139.0388,139.03879999999998,0.5333333333333333,2,True,401,260.4868412017822,24,24,False
INSTANCE_047,0.25,p85,V1,18.71423433333348,0.0,141.69010000000003,152.44070000000002,0.6274703557312253,14,True,401,8095.318794250488,30,30,False
INSTANCE_047,0.25,p85,V2,22.183538833333728,13.477153666666936,181.282,216.3473,0.7763157894736843,6,True,401,5982.288599014282,25,26,False
INSTANCE_047,0.25,p85,V3,4.419789500000206,0.0,120.881,131.1311,0.8560606060606061,2,True,401,1078.9403915405271,16,16,False
INSTANCE_047,0.25,p95,V1,47.06763166666633,11.43710833333364,141.69010000000003,153.8872,0.4614624505928854,22,True,401,8263.381004333496,29,30,False
INSTANCE_047,0.25,p95,V2,79.03147166666736,53.177715833334105,181.282,215.8307,0.6921052631578948,8,True,401,6300.022125244141,22,26,False
INSTANCE_047,0.25,p95,V3,12.754450833333522,0.0,120.881,133.81220000000002,0.803030303030303,2,True,401,1247.757911682129,16,16,False
INSTANCE_047,0.25,delay20,V1,26.59000000000026,0.0,141.69010000000003,163.3373,0.5019762845849802,23,True,401,8082.953453063965,30,30,False
INSTANCE_047,0.25,delay20,V2,29.246666666667124,20.890000000000214,181.282,197.3278,0.6684210526315789,10,True,401,5755.074739456177,24,26,False
INSTANCE_047,0.25,delay20,V3,14.976666666666688,0.0,120.881,133.4181,0.6060606060606061,4,True,401,1235.5027198791504,16,16,False
INSTANCE_047,0.25,delay30,V1,46.59000000000026,0.0,141.69010000000003,171.60070000000002,0.532608695652174,23,True,401,7292.286396026611,30,30,False
INSTANCE_047,0.25,delay30,V2,67.37500000000102,43.46000000000072,181.282,224.7186,0.631578947368421,10,True,401,6609.992027282715,23,26,False
INSTANCE_047,0.25,delay30,V3,24.976666666666688,0.0,120.881,134.79590000000002,0.5909090909090908,7,True,401,1306.5931797027588,16,16,False
INSTANCE_047,0.5,p85,V1,4.730926333333287,0.0167808333334278,141.69010000000003,137.3639,0.4642857142857143,10,True,401,2344.820737838745,29,30,False
INSTANCE_047,0.5,p85,V2,13.5178645000002,0.6630845000000818,181.282,194.8406,0.4326923076923077,10,True,401,2174.084186553955,25,26,False
INSTANCE_047,0.5,p85,V3,0.0,0.0,120.881,120.881,1.0,0,False,401,339.5419120788574,16,16,False
INSTANCE_047,0.5,p95,V1,20.12922333333336,1.4785858333334545,141.69010000000003,152.44070000000002,0.35,14,True,401,2538.637638092041,29,30,False
INSTANCE_047,0.5,p95,V2,29.686787500000374,17.048960000000193,181.282,215.8307,0.4967948717948718,8,True,401,2399.033784866333,25,26,False
INSTANCE_047,0.5,p95,V3,0.3349983333333739,0.3349983333333739,120.881,120.881,1.0,0,False,401,319.4012641906738,15,16,False
INSTANCE_047,0.5,delay20,V1,26.59000000000026,0.7116666666668152,141.69010000000003,152.5661,0.3833333333333333,14,True,401,2367.5179481506348,29,30,False
INSTANCE_047,0.5,delay20,V2,29.246666666667124,17.046666666666965,181.282,194.8406,0.4326923076923077,10,True,401,1658.9441299438477,24,26,False
INSTANCE_047,0.5,delay20,V3,14.976666666666688,0.0,120.881,135.6219,0.5714285714285714,4,True,401,318.4010982513428,16,16,False
INSTANCE_047,0.5,delay30,V1,46.59000000000026,16.100000000000136,141.69010000000003,152.4422,0.419047619047619,14,True,401,2579.430103302002,28,30,False
INSTANCE_047,0.5,delay30,V2,67.37500000000102,48.31000000000063,181.282,215.8307,0.4967948717948718,8,True,401,2300.334215164185,23,26,False
INSTANCE_047,0.5,delay30,V3,24.976666666666688,0.0,120.881,135.19000000000003,0.6428571428571429,4,True,401,354.66670989990234,16,16,False
INSTANCE_047,0.75,p85,V1,0.0,0.0,141.69010000000003,141.69010000000003,0.5714285714285714,4,True,401,349.8547077178955,30,30,False
INSTANCE_047,0.75,p85,V2,3.96171416666698,3.919331166667007,181.282,181.3328,0.7261904761904762,2,True,401,344.0248966217041,25,26,False
INSTANCE_047,0.75,p85,V3,0.0,0.0,120.881,120.881,1.0,0,False,401,130.2051544189453,16,16,False
INSTANCE_047,0.75,p95,V1,6.093719166666688,6.011797500000057,141.69010000000003,141.69010000000003,0.5714285714285714,4,True,401,365.59009552001953,29,30,False
INSTANCE_047,0.75,p95,V2,8.345420833333606,0.2979925000001913,181.282,214.6664,0.4880952380952381,4,True,401,332.0150375366211,25,26,False
INSTANCE_047,0.75,p95,V3,0.0,0.0,120.881,120.881,1.0,0,False,401,130.418062210083,16,16,False
INSTANCE_047,0.75,delay20,V1,9.878333333333444,9.815000000000282,141.69010000000003,141.69010000000003,0.5714285714285714,4,True,401,357.18464851379395,29,30,False
INSTANCE_047,0.75,delay20,V2,18.995000000000232,10.958333333333712,181.282,214.6664,0.4880952380952381,4,True,401,375.78749656677246,25,26,False
INSTANCE_047,0.75,delay20,V3,14.976666666666688,0.0,120.881,133.81220000000002,0.3333333333333333,2,True,401,141.54529571533203,16,16,False
INSTANCE_047,0.75,delay30,V1,19.878333333333444,19.878333333333444,141.69010000000003,141.69010000000003,1.0,0,False,401,464.98751640319824,29,30,False
INSTANCE_047,0.75,delay30,V2,39.06500000000062,21.581666666667388,181.282,214.6664,0.4880952380952381,4,True,401,360.5213165283203,24,26,False
INSTANCE_047,0.75,delay30,V3,24.976666666666688,5.878333333333444,120.881,133.81220000000002,0.3333333333333333,2,True,401,139.96052742004397,15,16,False
INSTANCE_051,0.25,p85,V1,15.2682278333333,0.0,157.30270000000002,159.1434,0.7986111111111112,2,True,401,678.164005279541,11,11,False
INSTANCE_051,0.25,p95,V1,33.9419341666669,1.4936583333334283,157.30270000000002,198.5143,0.5138888888888888,6,True,401,692.1818256378174,10,11,False
INSTANCE_051,0.25,delay20,V1,19.70166666666671,0.0,157.30270000000002,168.7648,0.6388888888888888,8,True,401,605.870246887207,11,11,False
INSTANCE_051,0.25,delay30,V1,39.70166666666671,5.898333333333312,157.30270000000002,168.7648,0.6388888888888888,8,True,401,685.1913928985596,10,11,False
INSTANCE_051,0.5,p85,V1,5.922022833333358,0.0,157.30270000000002,159.1434,0.6666666666666667,2,True,401,276.03745460510254,11,11,False
INSTANCE_051,0.5,p95,V1,14.852950833333352,0.0,157.30270000000002,159.1434,0.6666666666666667,2,True,401,299.61228370666504,11,11,False
INSTANCE_051,0.5,delay20,V1,15.8033333333334,0.0,157.30270000000002,159.1434,0.6666666666666667,2,True,401,261.14940643310547,11,11,False
INSTANCE_051,0.5,delay30,V1,25.8033333333334,0.0,157.30270000000002,191.6858,0.3666666666666667,4,True,401,277.698278427124,11,11,False
INSTANCE_051,0.75,p85,V1,0.0,0.0,157.30270000000002,157.30270000000002,1.0,0,False,401,107.86867141723631,11,11,False
INSTANCE_051,0.75,p95,V1,0.0,0.0,157.30270000000002,157.30270000000002,1.0,0,False,401,108.09993743896484,11,11,False
INSTANCE_051,0.75,delay20,V1,15.8033333333334,0.0,157.30270000000002,159.1434,0.3333333333333333,2,True,401,110.68177223205566,11,11,False
INSTANCE_051,0.75,delay30,V1,25.8033333333334,7.453333333333376,157.30270000000002,159.1434,0.3333333333333333,2,True,401,104.81572151184082,10,11,False
INSTANCE_055,0.25,p85,V1,23.142860000000496,6.749216666666825,168.81820000000005,166.21300000000002,0.5761904761904761,19,True,401,7612.193584442139,26,27,False
INSTANCE_055,0.25,p85,V2,0.0,0.0,128.9723,127.3996,0.6422924901185771,13,True,401,7843.070983886719,30,30,False
INSTANCE_055,0.25,p85,V3,6.77168549999999,0.0,149.38719999999998,146.8493,0.7178571428571429,19,True,401,7329.243659973144,27,27,False
INSTANCE_055,0.25,p95,V1,68.37656666666703,40.103256666666994,168.81820000000005,172.22180000000006,0.7821428571428571,17,True,401,7339.175462722778,25,27,False
INSTANCE_055,0.25,p95,V2,7.368849999999611,0.0,128.9723,133.3176,0.6106719367588933,19,True,401,8493.83521080017,30,30,False
INSTANCE_055,0.25,p95,V3,18.997428333333914,0.0,149.38719999999998,152.87269999999998,0.8011904761904762,21,True,401,7407.331705093384,27,27,False
INSTANCE_055,0.25,delay20,V1,31.893333333333544,10.551666666666732,168.81820000000005,175.86749999999998,0.469047619047619,20,True,401,7999.573230743408,26,27,False
INSTANCE_055,0.25,delay20,V2,19.663333333332844,3.663333333333071,128.9723,132.9062,0.8695652173913044,22,True,401,7789.139747619629,28,30,False
INSTANCE_055,0.25,delay20,V3,16.688333333333276,0.0,149.38719999999998,146.8493,0.7178571428571429,19,True,401,6502.821207046509,27,27,False
INSTANCE_055,0.25,delay30,V1,62.2466666666669,18.53500000000008,168.81820000000005,172.21120000000002,0.5678571428571428,17,True,401,7221.175670623779,26,27,False
INSTANCE_055,0.25,delay30,V2,39.66333333333285,13.469999999999914,128.9723,134.1176,0.6442687747035573,21,True,401,8400.87366104126,29,30,False
INSTANCE_055,0.25,delay30,V3,32.733333333333235,0.0,149.38719999999998,180.0737,0.4678571428571428,21,True,401,6698.103904724121,27,27,False
INSTANCE_055,0.5,p85,V1,8.244595666666783,8.040386666666791,168.81820000000005,168.81820000000005,0.7527472527472527,4,True,401,1930.9797286987305,25,27,False
INSTANCE_055,0.5,p85,V2,0.0,0.0,128.9723,128.88269999999997,0.6857142857142857,7,True,401,2473.6664295196533,30,30,False
INSTANCE_055,0.5,p85,V3,1.590608833333249,1.590608833333249,149.38719999999998,149.38719999999998,1.0,0,False,401,1868.5836791992188,26,27,False
INSTANCE_055,0.5,p95,V1,32.68831833333343,25.67754833333333,168.81820000000005,168.80760000000004,0.554945054945055,12,True,401,2070.7428455352783,25,27,False
INSTANCE_055,0.5,p95,V2,0.0,0.0,128.9723,128.88269999999997,0.6857142857142857,7,True,401,2448.580741882324,30,30,False
INSTANCE_055,0.5,p95,V3,5.91744083333333,5.91744083333333,149.38719999999998,149.38719999999998,1.0,0,False,401,1862.9398345947263,26,27,False
INSTANCE_055,0.5,delay20,V1,31.893333333333544,26.473333333333244,168.81820000000005,168.80760000000004,0.5164835164835164,12,True,401,1941.8859481811523,24,27,False
INSTANCE_055,0.5,delay20,V2,8.193333333333044,0.0,128.9723,131.43099999999998,0.5738095238095238,9,True,401,2818.265914916992,30,30,False
INSTANCE_055,0.5,delay20,V3,16.688333333333276,6.211666666666588,149.38719999999998,161.0623,0.912087912087912,3,True,401,1759.8683834075928,26,27,False
INSTANCE_055,0.5,delay30,V1,61.89333333333354,56.47333333333325,168.81820000000005,168.80760000000004,0.5164835164835164,12,True,401,1928.781270980835,24,27,False
INSTANCE_055,0.5,delay30,V2,18.193333333333044,0.0,128.9723,133.99290000000002,0.65,13,True,401,2901.653528213501,30,30,False
INSTANCE_055,0.5,delay30,V3,32.733333333333235,16.211666666666588,149.38719999999998,191.9262,0.8076923076923077,9,True,401,1844.5358276367188,26,27,False
INSTANCE_055,0.75,p85,V1,1.3931973333335463,1.3816383333336262,168.81820000000005,168.81820000000005,0.8095238095238095,2,True,401,338.7315273284912,26,27,False
INSTANCE_055,0.75,p85,V2,0.0,0.0,128.9723,128.9723,1.0,0,False,401,322.41129875183105,30,30,False
INSTANCE_055,0.75,p85,V3,0.0,0.0,149.38719999999998,149.38719999999998,1.0,0,False,401,334.41877365112305,27,27,False
INSTANCE_055,0.75,p95,V1,7.671426666666662,7.658491666666691,168.81820000000005,168.81820000000005,0.8095238095238095,2,True,401,364.1705513000488,26,27,False
INSTANCE_055,0.75,p95,V2,0.0,0.0,128.9723,128.9723,1.0,0,False,401,345.58963775634766,30,30,False
INSTANCE_055,0.75,p95,V3,0.0,0.0,149.38719999999998,149.38719999999998,1.0,0,False,401,378.9608478546143,27,27,False
INSTANCE_055,0.75,delay20,V1,20.550000000000185,20.5300000000002,168.81820000000005,168.81820000000005,0.8095238095238095,2,True,401,356.1441898345947,25,27,False
INSTANCE_055,0.75,delay20,V2,0.0,0.0,128.9723,128.9723,1.0,0,False,401,377.1047592163086,30,30,False
INSTANCE_055,0.75,delay20,V3,0.0,0.0,149.38719999999998,149.38719999999998,1.0,0,False,401,361.3181114196777,27,27,False
INSTANCE_055,0.75,delay30,V1,40.55000000000018,40.5300000000002,168.81820000000005,168.81820000000005,0.8095238095238095,2,True,401,347.29552268981934,25,27,False
INSTANCE_055,0.75,delay30,V2,0.0,0.0,128.9723,128.9723,1.0,0,False,401,371.6228008270264,30,30,False
INSTANCE_055,0.75,delay30,V3,0.0,0.0,149.38719999999998,149.38719999999998,1.0,0,False,401,349.54237937927246,27,27,False
INSTANCE_057,0.25,p85,V1,6.890850333333219,0.0,116.4051,121.9172,0.415032679738562,18,True,401,3516.8166160583496,24,24,False
INSTANCE_057,0.25,p85,V2,18.059030333333222,12.974996833333194,152.25819999999996,152.75519999999997,0.9502164502164504,2,True,401,7205.349206924439,25,29,False
INSTANCE_057,0.25,p85,V3,0.0,0.0,138.30229999999997,137.7096,0.8894736842105263,2,True,401,6167.687892913818,26,26,False
INSTANCE_057,0.25,p85,V4,1.43642449999993,1.43642449999993,150.55589999999998,150.55589999999998,1.0,0,False,401,1408.9205265045166,16,17,False
INSTANCE_057,0.25,p95,V1,12.986071666666476,0.0,116.4051,116.96940000000002,0.6993464052287581,10,True,401,4443.564653396606,24,24,False
INSTANCE_057,0.25,p95,V2,62.7097716666666,48.439980833332925,152.25819999999996,207.242,0.7987012987012987,7,True,401,8076.582908630371,24,29,False
INSTANCE_057,0.25,p95,V3,0.0,0.0,138.30229999999997,137.7096,0.8894736842105263,2,True,401,5340.470790863037,26,26,False
INSTANCE_057,0.25,p95,V4,3.026392499999929,0.0,150.55589999999998,164.72330000000002,0.7724358974358975,5,True,401,1548.5241413116455,17,17,False
INSTANCE_057,0.25,delay20,V1,19.985000000000014,0.0,116.4051,117.93720000000002,0.6830065359477124,10,True,401,3382.1961879730225,24,24,False
INSTANCE_057,0.25,delay20,V2,47.46999999999946,20.65833333333319,152.25819999999996,208.0867,0.7727272727272727,7,True,401,8009.38081741333,26,29,False
INSTANCE_057,0.25,delay20,V3,0.0,0.0,138.30229999999997,137.7096,0.8894736842105263,2,True,401,5259.836673736572,26,26,False
INSTANCE_057,0.25,delay20,V4,19.63499999999999,9.453333333333262,150.55589999999998,164.72330000000002,0.7724358974358975,5,True,401,1537.420034408569,16,17,False
INSTANCE_057,0.25,delay30,V1,29.985000000000014,0.0,116.4051,117.93720000000002,0.6830065359477124,10,True,401,3614.237785339356,24,24,False
INSTANCE_057,0.25,delay30,V2,87.79999999999927,51.30833333333328,152.25819999999996,226.6415,0.6753246753246753,15,True,401,8164.661884307861,25,29,False
INSTANCE_057,0.25,delay30,V3,0.0,0.0,138.30229999999997,137.7096,0.8894736842105263,2,True,401,5475.877523422241,26,26,False
INSTANCE_057,0.25,delay30,V4,29.63499999999999,19.453333333333266,150.55589999999998,164.72330000000002,0.903846153846154,3,True,401,1612.437725067139,16,17,False
INSTANCE_057,0.5,p85,V1,1.703017999999929,0.0,116.4051,116.8671,0.5606060606060606,8,True,401,1486.9916439056396,24,24,False
INSTANCE_057,0.5,p85,V2,9.838911333333158,7.26703383333313,152.25819999999996,152.75519999999997,0.923809523809524,2,True,401,2983.499526977539,27,29,False
INSTANCE_057,0.5,p85,V3,0.0,0.0,138.30229999999997,138.30229999999997,1.0,0,False,401,1200.2406120300293,26,26,False
INSTANCE_057,0.5,p85,V4,0.0,0.0,150.55589999999998,150.55589999999998,1.0,0,False,401,536.7238521575928,17,17,False
INSTANCE_057,0.5,p95,V1,3.2193700000000263,0.0,116.4051,116.9111,0.8560606060606061,2,True,401,1375.032901763916,24,24,False
INSTANCE_057,0.5,p95,V2,37.86206166666591,16.17281749999904,152.25819999999996,207.242,0.7666666666666666,5,True,401,2821.5694427490234,25,29,False
INSTANCE_057,0.5,p95,V3,0.0,0.0,138.30229999999997,138.30229999999997,1.0,0,False,401,1226.5632152557373,26,26,False
INSTANCE_057,0.5,p95,V4,0.0,0.0,150.55589999999998,150.55589999999998,1.0,0,False,401,540.9462451934814,17,17,False
INSTANCE_057,0.5,delay20,V1,19.985000000000014,0.0,116.4051,116.86710000000002,0.6060606060606061,8,True,401,1421.600580215454,24,24,False
INSTANCE_057,0.5,delay20,V2,27.46999999999946,14.923333333332948,152.25819999999996,207.242,0.8833333333333333,2,True,401,2434.483051300049,26,29,False
INSTANCE_057,0.5,delay20,V3,0.0,0.0,138.30229999999997,137.7096,0.8621794871794872,2,True,401,1422.215700149536,26,26,False
INSTANCE_057,0.5,delay20,V4,0.0,0.0,150.55589999999998,150.55589999999998,1.0,0,False,401,634.3634128570557,17,17,False
INSTANCE_057,0.5,delay30,V1,29.985000000000014,0.0,116.4051,117.93720000000002,0.4696969696969697,10,True,401,1253.9541721343994,24,24,False
INSTANCE_057,0.5,delay30,V2,57.79999999999927,37.40166666666596,152.25819999999996,207.242,0.8833333333333333,2,True,401,2955.532550811768,24,29,False
INSTANCE_057,0.5,delay30,V3,0.0,0.0,138.30229999999997,137.7096,0.8621794871794872,2,True,401,1327.4257183074951,26,26,False
INSTANCE_057,0.5,delay30,V4,0.0,0.0,150.55589999999998,150.55589999999998,1.0,0,False,401,575.0312805175781,17,17,False
INSTANCE_057,0.75,p85,V1,0.0,0.0,116.4051,116.3611,0.3,6,True,401,272.5398540496826,24,24,False
INSTANCE_057,0.75,p85,V2,0.7533333333333303,0.7533333333333303,152.25819999999996,152.25819999999996,1.0,0,False,401,366.4669990539551,28,29,False
INSTANCE_057,0.75,p85,V3,0.0,0.0,138.30229999999997,138.30229999999997,1.0,0,False,401,309.8838329315185,26,26,False
INSTANCE_057,0.75,p85,V4,0.0,0.0,150.55589999999998,150.55589999999998,1.0,0,False,401,138.60797882080078,17,17,False
INSTANCE_057,0.75,p95,V1,0.0,0.0,116.4051,116.3611,0.3,6,True,401,260.0135803222656,24,24,False
INSTANCE_057,0.75,p95,V2,3.285848333333206,0.7533333333333303,152.25819999999996,152.75519999999997,0.8392857142857143,2,True,401,459.9330425262451,28,29,False
INSTANCE_057,0.75,p95,V3,0.0,0.0,138.30229999999997,138.30229999999997,1.0,0,False,401,300.1840114593506,26,26,False
INSTANCE_057,0.75,p95,V4,0.0,0.0,150.55589999999998,150.55589999999998,1.0,0,False,401,141.95919036865234,17,17,False
INSTANCE_057,0.75,delay20,V1,0.0,0.0,116.4051,116.3611,0.3,6,True,401,257.854700088501,24,24,False
INSTANCE_057,0.75,delay20,V2,15.621666666666329,3.074999999999818,152.25819999999996,207.242,0.75,2,True,401,402.7423858642578,27,29,False
INSTANCE_057,0.75,delay20,V3,0.0,0.0,138.30229999999997,138.30229999999997,1.0,0,False,401,311.8124008178711,26,26,False
INSTANCE_057,0.75,delay20,V4,0.0,0.0,150.55589999999998,150.55589999999998,1.0,0,False,401,143.83673667907715,17,17,False
INSTANCE_057,0.75,delay30,V1,0.0,0.0,116.4051,116.3611,0.3,6,True,401,257.6422691345215,24,24,False
INSTANCE_057,0.75,delay30,V2,35.62166666666633,15.223333333333017,152.25819999999996,207.242,0.75,2,True,401,391.986608505249,26,29,False
INSTANCE_057,0.75,delay30,V3,0.0,0.0,138.30229999999997,138.30229999999997,1.0,0,False,401,314.41664695739746,26,26,False
INSTANCE_057,0.75,delay30,V4,0.0,0.0,150.55589999999998,150.55589999999998,1.0,0,False,401,139.9984359741211,17,17,False
INSTANCE_060,0.25,p85,V1,50.97930166666709,35.136764333333645,194.9246,165.68269999999998,0.9329710144927535,14,True,401,12422.422409057615,30,31,False
INSTANCE_060,0.25,p85,V2,134.51271999999926,96.71609699999976,176.83429999999998,185.5856,0.7891737891737892,12,True,401,16665.19856452942,30,35,False
INSTANCE_060,0.25,p95,V1,97.89860833333375,56.88703750000059,194.9246,165.68269999999998,0.9329710144927535,14,True,401,13269.898176193235,29,31,False
INSTANCE_060,0.25,p95,V2,273.0995424999985,194.93910499999936,176.83429999999998,185.5856,0.7891737891737892,12,True,401,16632.59220123291,30,35,False
INSTANCE_060,0.25,delay20,V1,50.29666666666742,44.31833333333395,194.9246,165.68269999999998,0.9329710144927535,14,True,401,11821.449756622314,28,31,False
INSTANCE_060,0.25,delay20,V2,121.35333333333324,84.06666666666706,176.83429999999998,193.9839,0.7435897435897436,14,True,401,16356.72092437744,31,35,False
INSTANCE_060,0.25,delay30,V1,90.29666666666742,65.25000000000057,194.9246,166.4832,0.6902173913043479,21,True,401,11639.650583267212,29,31,False
INSTANCE_060,0.25,delay30,V2,181.35333333333324,135.42999999999995,176.83429999999998,185.5856,0.7891737891737892,12,True,401,16316.405534744265,30,35,False
INSTANCE_060,0.5,p85,V1,39.170916000000375,29.23257150000029,194.9246,165.68269999999998,0.8791666666666667,14,True,401,3137.6373767852783,30,31,False
INSTANCE_060,0.5,p85,V2,72.9102064999995,56.55673999999988,176.83429999999998,185.5856,0.6633986928104575,12,True,401,4441.945552825928,32,35,False
INSTANCE_060,0.5,p95,V1,75.66794000000039,44.582080833333634,194.9246,165.68269999999998,0.8791666666666667,14,True,401,3389.9085521698,30,31,False
INSTANCE_060,0.5,p95,V2,132.83937666666532,95.60402999999916,176.83429999999998,185.5856,0.6633986928104575,12,True,401,4770.583629608154,30,35,False
INSTANCE_060,0.5,delay20,V1,38.195000000000505,32.21666666666704,194.9246,165.68269999999998,0.8791666666666667,14,True,401,3238.509178161621,29,31,False
INSTANCE_060,0.5,delay20,V2,121.35333333333324,84.06666666666706,176.83429999999998,193.9839,0.5882352941176471,14,True,401,4741.989374160767,31,35,False
INSTANCE_060,0.5,delay30,V1,68.1950000000005,52.21666666666704,194.9246,165.68269999999998,0.8791666666666667,14,True,401,3300.725221633911,29,31,False
INSTANCE_060,0.5,delay30,V2,181.35333333333324,135.42999999999995,176.83429999999998,185.5856,0.6633986928104575,12,True,401,4851.659059524536,30,35,False
INSTANCE_060,0.75,p85,V1,29.93280166666716,25.22228833333372,194.9246,165.82639999999998,0.8035714285714286,8,True,401,408.9498519897461,30,31,False
INSTANCE_060,0.75,p85,V2,47.58840883333266,44.64662399999952,176.83429999999998,187.20030000000003,0.6388888888888888,6,True,401,875.0033378601074,32,35,False
INSTANCE_060,0.75,p95,V1,58.27610833333404,36.56740833333379,194.9246,165.82639999999998,0.8035714285714286,8,True,401,442.3203468322754,30,31,False
INSTANCE_060,0.75,p95,V2,76.04110749999961,62.35482666666644,176.83429999999998,187.20030000000003,0.6388888888888888,6,True,401,829.413652420044,32,35,False
INSTANCE_060,0.75,delay20,V1,37.82000000000039,32.36833333333357,194.9246,165.82639999999998,0.8035714285714286,8,True,401,426.8531799316406,30,31,False
INSTANCE_060,0.75,delay20,V2,101.35333333333324,70.60499999999979,176.83429999999998,187.20030000000003,0.6388888888888888,6,True,401,871.3808059692383,31,35,False
INSTANCE_060,0.75,delay30,V1,57.82000000000039,42.36833333333357,194.9246,165.82639999999998,0.8035714285714286,8,True,401,428.1177520751953,30,31,False
INSTANCE_060,0.75,delay30,V2,151.35333333333324,108.60333333333313,176.83429999999998,187.20030000000003,0.6388888888888888,6,True,401,875.648021697998,30,35,False
